name,alternate_names,species,gender,house,dateOfBirth,yearOfBirth,wizard,ancestry,eyeColour,hairColour,wand,patronus,hogwartsStudent,hogwartsStaff,actor,alternate_actors,alive,image
Harry Potter,[],human,male,Gryffindor,31-07-1980,1980,True,half-blood,green,black,"{'wood': 'holly', 'core': 'phoenix feather', 'length': 11}",stag,True,False,Daniel Radcliffe,[],True,http://hp-api.herokuapp.com/images/harry.jpg
Hermione Granger,[],human,female,Gryffindor,19-09-1979,1979,True,muggleborn,brown,brown,"{'wood': 'vine', 'core': 'dragon heartstring', 'length': ''}",otter,True,False,Emma Watson,[],True,http://hp-api.herokuapp.com/images/hermione.jpeg
Ron Weasley,['Dragomir Despard'],human,male,Gryffindor,01-03-1980,1980,True,pure-blood,blue,red,"{'wood': 'willow', 'core': 'unicorn tail-hair', 'length': 14}",Jack Russell terrier,True,False,Rupert Grint,[],True,http://hp-api.herokuapp.com/images/ron.jpg
Draco Malfoy,[],human,male,Slytherin,05-06-1980,1980,True,pure-blood,grey,blonde,"{'wood': 'hawthorn', 'core': 'unicorn tail-hair', 'length': 10}",,True,False,Tom Felton,[],True,http://hp-api.herokuapp.com/images/draco.jpg
Minerva McGonagall,[],human,female,Gryffindor,04-10-1925,1925,True,,,black,"{'wood': '', 'core': '', 'length': ''}",tabby cat,False,True,Dame Maggie Smith,[],True,http://hp-api.herokuapp.com/images/mcgonagall.jpg
Cedric Diggory,[],human,male,Hufflepuff,,1977,True,,grey,brown,"{'wood': 'ash', 'core': 'unicorn hair', 'length': 12.25}",,True,False,Robert Pattinson,[],False,http://hp-api.herokuapp.com/images/cedric.png
Cho Chang,[],human,female,Ravenclaw,,,True,,brown,black,"{'wood': '', 'core': '', 'length': ''}",swan,True,False,Katie Leung,[],True,http://hp-api.herokuapp.com/images/cho.jpg
Severus Snape,['Half-Blood Prince'],human,male,Slytherin,09-01-1960,1960,True,half-blood,black,black,"{'wood': '', 'core': '', 'length': ''}",doe,False,True,Alan Rickman,[],False,http://hp-api.herokuapp.com/images/snape.jpg
Rubeus Hagrid,[],half-giant,male,Gryffindor,06-12-1928,1928,True,half-blood,black,black,"{'wood': 'oak', 'core': '', 'length': 16}",,False,True,Robbie Coltrane,[],True,http://hp-api.herokuapp.com/images/hagrid.png
Neville Longbottom,[],human,male,Gryffindor,30-07-1980,1980,True,pure-blood,,blonde,"{'wood': 'cherry', 'core': 'unicorn tail-hair', 'length': 13}",,True,False,Matthew Lewis,[],True,http://hp-api.herokuapp.com/images/neville.jpg
Luna Lovegood,[],human,female,Ravenclaw,13-02-1981,1981,True,,grey,blonde,"{'wood': '', 'core': '', 'length': ''}",hare,True,False,Evanna Lynch,[],True,http://hp-api.herokuapp.com/images/luna.jpg
Ginny Weasley,[],human,female,Gryffindor,11-08-1981,1981,True,pure-blood,brown,red,"{'wood': 'yew', 'core': '', 'length': ''}",horse,True,False,Bonnie Wright,[],True,http://hp-api.herokuapp.com/images/ginny.jpg
Sirius Black,"['Padfoot', 'Snuffles']",human,male,Gryffindor,03-11-1959,1959,True,pure-blood,grey,black,"{'wood': '', 'core': '', 'length': ''}",hare,False,False,Gary Oldman,"['James Walters', 'Rohan Gotobed']",False,http://hp-api.herokuapp.com/images/sirius.JPG
Remus Lupin,"['Professor Lupin', 'Moony', 'Remus John Lupin']",werewolf,male,Gryffindor,10-03-1960,1960,True,half-blood,green,brown,"{'wood': 'cypress', 'core': 'unicorn tail-hair', 'length': 10.25}",wolf,False,True,David Thewlis,[],False,http://hp-api.herokuapp.com/images/lupin.jpg
Arthur Weasley,[],human,male,Gryffindor,06-02-1950,1950,True,pure-blood,blue,red,"{'wood': '', 'core': '', 'length': ''}",weasel,False,False,Mark Williams,[],True,http://hp-api.herokuapp.com/images/arthur.jpg
Bellatrix Lestrange,['Bella'],human,female,Slytherin,,1951,True,pure-blood,brown,black,"{'wood': 'walnut', 'core': 'dragon heartstring', 'length': 12.75}",,False,False,Helena Bonham Carter,[],False,http://hp-api.herokuapp.com/images/bellatrix.jpg
Lord Voldemort,['Tom Marvolo Riddle'],human,male,Slytherin,31-12-1926,1926,True,half-blood,red,bald,"{'wood': 'yew', 'core': 'phoenix feather', 'length': 13.5}",,False,False,Ralph Fiennes,[],False,http://hp-api.herokuapp.com/images/voldemort.jpg
Horace Slughorn,[],human,male,Slytherin,,,True,pure-blood,green,blonde,"{'wood': 'cedar', 'core': 'dragon heartstring', 'length': 10.25}",,False,True,Jim Broadbent,[],True,http://hp-api.herokuapp.com/images/slughorn.JPG
Kingsley Shacklebolt,[],human,male,,,,True,pure-blood,brown,brown,"{'wood': '', 'core': '', 'length': ''}",lynx,False,False,George Harris,[],True,http://hp-api.herokuapp.com/images/kingsley.jpg
Dolores Umbridge,[],human,female,Slytherin,,,True,half-blood,brown,grey,"{'wood': 'birch', 'core': 'dragon heartstring', 'length': 8}",persian cat,False,True,Imelda Staunton,[],True,http://hp-api.herokuapp.com/images/umbridge.jpg
Lucius Malfoy,[],human,male,Slytherin,,1954,True,pure-blood,grey,blonde,"{'wood': 'elm', 'core': 'dragon heartstring', 'length': 18}",,False,False,Jason Isaacs,[],True,http://hp-api.herokuapp.com/images/lucius.jpg
Vincent Crabbe,[],human,male,Slytherin,,,True,pure-blood,black,black,"{'wood': '', 'core': '', 'length': ''}",,True,False,Jamie Waylett,[],False,http://hp-api.herokuapp.com/images/crabbe.jpg
Gregory Goyle,[],human,male,Slytherin,,,True,pure-blood,,brown,"{'wood': '', 'core': '', 'length': ''}",,True,False,Josh Herdman,[],True,http://hp-api.herokuapp.com/images/goyle.jpg
Mrs Norris,[],cat,female,,,,False,,yellow,brown,"{'wood': '', 'core': '', 'length': ''}",,False,True,"Maxime, Alanis and Tommy the cats",[],True,http://hp-api.herokuapp.com/images/norris.JPG
Argus Filch,[],human,male,,,,False,squib,,grey,"{'wood': '', 'core': '', 'length': ''}",,False,True,David Bradley,[],True,http://hp-api.herokuapp.com/images/filch.jpg
Vernon Dursley,[],human,male,,,,False,muggle,,,"{'wood': '', 'core': '', 'length': ''}",,False,False,Richard Griffiths,[],True,
Petunia Dursley,[],human,female,,,,False,muggle,,blonde,"{'wood': '', 'core': '', 'length': ''}",,False,False,Fiona Shaw,[],True,
Dudley Dursley,[],human,male,,,,False,muggle,blue,blond,"{'wood': '', 'core': '', 'length': ''}",,False,False,Harry Melling,[],True,
Lily Potter,[],human,female,Gryffindor,,,True,muggleborn,green,,"{'wood': 'willow', 'core': '', 'length': 10.25}",,False,False,Geraldine Somerville,[],False,
James Potter,[],human,male,Gryffindor,,,True,,,black,"{'wood': 'mahogany', 'core': '', 'length': 11}",stag,False,False,Adrian Rawlins,[],False,
Albus Dumbledore,[],human,male,Gryffindor,,0,True,half-blood,blue,silver,"{'wood': '', 'core': '', 'length': ''}",,False,True,Richard Harris,['Michael Gambon'],False,
Madam Pomfrey,['Poppy Pomfrey'],human,female,,,,True,,,,"{'wood': '', 'core': '', 'length': ''}",,False,True,Gemma Jones,[],True,
Mrs Figg,['Arabella Doreen Figg'],human,female,,,,False,squib,,,"{'wood': '', 'core': '', 'length': ''}",,False,False,Kathryn Hunter,[],True,
Marge Dursley,"['Marjorie Eileen Dursley', 'Aunt Marge', 'Auntie Marge', 'Margie']",human,female,,,,False,muggle,,,"{'wood': '', 'core': '', 'length': ''}",,False,False,Pam Ferris,[],True,
Yvonne,[],human,female,,,,False,muggle,,,"{'wood': '', 'core': '', 'length': ''}",,False,False,,[],True,
Piers Polkiss,[],human,male,,,,False,muggle,,,"{'wood': '', 'core': '', 'length': ''}",,False,False,Jason Boyd,[],True,
Dennis,[],human,male,,,,False,muggle,,,"{'wood': '', 'core': '', 'length': ''}",,False,False,Christopher Rithin,[],True,
Malcolm,[],human,male,,,,False,muggle,,,"{'wood': '', 'core': '', 'length': ''}",,False,False,Richard Macklin,[],True,
Gordon,[],human,male,,,,False,muggle,,,"{'wood': '', 'core': '', 'length': ''}",,False,False,,[],True,
Miranda Gaushawk,[],human,female,,,,True,,,,"{'wood': '', 'core': '', 'length': ''}",,False,False,,[],False,
Bathilda Bagshot,[],human,female,,,,True,,,,"{'wood': '', 'core': '', 'length': ''}",,False,False,,[],False,
Adalbert Waffling,[],human,male,,,,True,,,,"{'wood': '', 'core': '', 'length': ''}",,False,False,,[],False,
Emeric Switch,[],human,male,,,,True,,,,"{'wood': '', 'core': '', 'length': ''}",,False,False,,[],False,
Phyllida Spore,['Dame Phyllida Spore'],human,female,,,,True,,,,"{'wood': '', 'core': '', 'length': ''}",,False,False,,[],False,
Arsenius Jigger,[],human,male,,,,True,,,,"{'wood': '', 'core': '', 'length': ''}",,False,False,,[],False,
Newt Scamander,['Newton Artemis Fido Scamander'],human,male,,,,True,,,,"{'wood': '', 'core': '', 'length': ''}",,False,False,Eddie Redmayne,"['Joshua Shea', 'Callum Turner']",False,
Quentin Trimble,[],human,male,,,,True,,,,"{'wood': '', 'core': '', 'length': ''}",,False,False,,[],False,
Tom,[],human,male,,,,True,,,,"{'wood': '', 'core': '', 'length': ''}",,False,False,Derek Deadman,['Jim Tavare'],True,
Doris Crockford,[],human,female,,,,True,,,,"{'wood': '', 'core': '', 'length': ''}",,False,False,Nina Young,[],True,
Quirinus Quirrel,['Professor Quirrel'],human,male,,,,True,,,,"{'wood': '', 'core': '', 'length': ''}",,False,True,Ian Hart,[],False,
Griphook,[],goblin,male,,,,False,,,,"{'wood': '', 'core': '', 'length': ''}",,False,False,Verne Troyer,['Warwick Davis'],False,
Madam Malkin,[],human,female,,,,True,,,,"{'wood': '', 'core': '', 'length': ''}",,False,False,,[],True,
Vindictus Viridian,[],human,male,,,,True,,,,"{'wood': '', 'core': '', 'length': ''}",,False,False,,[],False,
Garrick Ollivander,[],human,male,,,,True,,"pale, silvery",,"{'wood': '', 'core': '', 'length': ''}",,False,False,John Hurt,[],True,
Hedwig,[],owl,female,,,,False,,amber,,"{'wood': '', 'core': '', 'length': ''}",,False,False,Gizmo,"['Ook', 'Sprout', 'Kasper', 'Swoops', 'Oh Oh', 'Elmo', 'Bandit']",False,
Molly Weasley,"['Molly Prewett', 'Mollywabbles']",human,female,Gryffindor,,,True,pure-blood,,red,"{'wood': '', 'core': '', 'length': ''}",,False,False,Julie Walters,[],True,
Percy Weasley,"['Perce', 'Percy Ignatius Weasley', 'Weatherby']",human,male,Gryffindor,,,True,pure-blood,,red,"{'wood': '', 'core': '', 'length': ''}",,True,False,Chris Rankin,[],True,
Fred Weasley,[],human,male,Gryffindor,,,True,pure-blood,,red,"{'wood': '', 'core': '', 'length': ''}",,True,False,James Phelps,[],False,
George Weasley,[],human,male,Gryffindor,,,True,pure-blood,,red,"{'wood': '', 'core': '', 'length': ''}",,True,False,Oliver Phelps,[],True,
Lee Jordan,[],human,male,Gryffindor,,,True,,,,"{'wood': '', 'core': '', 'length': ''}",,True,False,Luke Youngblood,[],True,
Bill Weasley,['William Arthur Weasley'],human,male,Gryffindor,,,True,pure-blood,,red,"{'wood': '', 'core': '', 'length': ''}",,False,False,Richard Fish,['Domhnall Gleeson'],True,
Charlie Weasley,['Charles Weasley'],human,male,Gryffindor,,,True,pure-blood,,red,"{'wood': '', 'core': '', 'length': ''}",,False,False,Alex Crockford,[],True,
Fat Friar,[],ghost,male,Hufflepuff,,,True,,,,"{'wood': '', 'core': '', 'length': ''}",,False,False,Simon Fisher-Becker,[],False,
Peeves,[],poltergeist,male,,,,True,,,,"{'wood': '', 'core': '', 'length': ''}",,False,False,,[],False,
Hannah Abbott,[],human,female,Hufflepuff,,,True,half-blood,,blonde,"{'wood': '', 'core': '', 'length': ''}",,True,False,Charlotte Skeoch,['Louisa Warren'],True,
Susan Bones,[],human,female,Hufflepuff,,,True,,,,"{'wood': '', 'core': '', 'length': ''}",,True,False,Eleanor Columbus,['Emma Jayne-Corboz'],True,
Terry Boot,[],human,male,Ravenclaw,,,True,,,,"{'wood': '', 'core': '', 'length': ''}",,True,False,Kevin Lee Yi,[],True,
Mandy Brocklehurst,[],human,female,Ravenclaw,,,True,,,,"{'wood': '', 'core': '', 'length': ''}",,True,False,Christina Petrou,[],True,
Lavender Brown,[],human,female,Gryffindor,,,True,,,,"{'wood': '', 'core': '', 'length': ''}",,True,False,Kathleen Cauley,"['Jennifer Smith', 'Jessie Cave']",True,
Millicent Bulstrode,[],human,female,Slytherin,,,True,,,,"{'wood': '', 'core': '', 'length': ''}",,True,False,Helen Stuart,[],True,
Justin Finch-Fletchley,[],human,male,Hufflepuff,,,True,muggleborn,,,"{'wood': '', 'core': '', 'length': ''}",,True,False,Edward Randell,[],True,
Seamus Finnegan,"[""O'Flaherty""]",human,male,Gryffindor,,,True,half-blood,,sandy,"{'wood': '', 'core': '', 'length': ''}",,True,False,Devon Murray,[],True,
Morag MacDougal,[],human,female,,,,True,,,,"{'wood': '', 'core': '', 'length': ''}",,True,False,,[],True,
Lily Moon,[],human,female,,,,True,,,,"{'wood': '', 'core': '', 'length': ''}",,True,False,,[],True,
Theodore Nott,[],human,male,Slytherin,,,True,pure-blood,,,"{'wood': '', 'core': '', 'length': ''}",,True,False,,[],True,
Pansy Parkinson,[],human,female,Slytherin,,,True,,,,"{'wood': '', 'core': '', 'length': ''}",,True,False,Genevieve Gaunt,"['Lauren Shotton', 'Scarlett Byrne']",True,
Parvati Patil,[],human,female,Gryffindor,,,True,,,,"{'wood': '', 'core': '', 'length': ''}",,True,False,Sitara Shah,['Shefali Chowdhury'],True,
Padma Patil,[],human,female,Ravenclaw,,,True,,,,"{'wood': '', 'core': '', 'length': ''}",,True,False,Sharon Sandhu,['Afshan Azad'],True,
Sally-Anne Perks,[],human,female,,,,True,,,,"{'wood': '', 'core': '', 'length': ''}",,True,False,,[],True,
Lisa Turpin,[],human,female,Ravenclaw,,,True,,,,"{'wood': '', 'core': '', 'length': ''}",,True,False,,[],True,
Blaise Zabini,[],human,male,Slytherin,,,True,,,,"{'wood': '', 'core': '', 'length': ''}",,True,False,Louis Cordice,[],True,
Nearly Headless Nick,"['Sir Nicholas de Mimsy-Porpington', 'Sir Nicholas', 'Nick']",ghost,male,Gryffindor,,,True,,,,"{'wood': '', 'core': '', 'length': ''}",,False,False,John Cleese,[],False,
Bloody Baron,[],ghost,male,Slytherin,,,True,,,,"{'wood': '', 'core': '', 'length': ''}",,False,False,Terence Bayler,[],False,
Fat Lady,[],human,female,,,,True,,,,"{'wood': '', 'core': '', 'length': ''}",,False,False,Elizabeth Spriggs,['Dawn French'],False,
Pomona Sprout,['Professor Sprout'],human,female,Hufflepuff,,,True,,,,"{'wood': '', 'core': '', 'length': ''}",,False,True,Miriam Margolyes,[],True,
Cuthbert Binns,['Professor Binns'],ghost,male,,,,True,,,,"{'wood': '', 'core': '', 'length': ''}",,False,True,,[],False,
Emeric the Evil,[],human,male,,,,True,,,,"{'wood': '', 'core': '', 'length': ''}",,False,False,,[],False,
Uric the Oddball,[],human,male,,,,True,,,,"{'wood': '', 'core': '', 'length': ''}",,False,False,,[],False,
Filius Flitwick,['Professor Flitwick'],human,male,Ravenclaw,,,True,,,,"{'wood': '', 'core': '', 'length': ''}",,False,True,Warwick Davis,[],True,
Madam Hooch,['Rolanda Hooch'],human,female,,,,True,,yellow,grey,"{'wood': '', 'core': '', 'length': ''}",,False,True,Zoë Wanamaker,[],True,
Oliver Wood,[],human,male,,,,True,,,,"{'wood': '', 'core': '', 'length': ''}",,True,False,Sean Biggerstaff,[],True,
Gregory the Smarmy,[],human,male,,,,True,,,,"{'wood': '', 'core': '', 'length': ''}",,False,False,,[],False,
Wizard Baruffio,[],human,male,,,,True,,,,"{'wood': '', 'core': '', 'length': ''}",,False,False,,[],False,
Angelina Johnson,[],human,female,Gryffindor,,,True,,,,"{'wood': '', 'core': '', 'length': ''}",,True,False,Danielle Tabor,['Tiana Benjamin'],True,
Marcus Flint,[],human,male,Slytherin,,,True,,,,"{'wood': '', 'core': '', 'length': ''}",,True,False,Jamie Yeates,[],True,
Alicia Spinet,[],human,female,Gryffindor,,,True,,,,"{'wood': '', 'core': '', 'length': ''}",,True,False,Leilah Sutherland,['Rochelle Douglas'],True,
Katie Bell,[],human,female,Gryffindor,,,True,,,,"{'wood': '', 'core': '', 'length': ''}",,True,False,Emily Dale,['Georgina Leonidas'],True,
Adrian Pucey,[],human,male,Slytherin,,,True,,,,"{'wood': '', 'core': '', 'length': ''}",,True,False,Scot Fearn,[],True,
Miles Bletchley,[],human,male,Slytherin,,,True,,,,"{'wood': '', 'core': '', 'length': ''}",,True,False,David Churchyard,['Amy Puglia'],True,
Terrence Higgs,[],human,male,Slytherin,,,True,,,,"{'wood': '', 'core': '', 'length': ''}",,True,False,Will Theakston,[],True,
Fluffy,[],three-headed dog,male,,,,False,,,,"{'wood': '', 'core': '', 'length': ''}",,False,False,,[],True,
Nicolas Flamel,[],human,male,,,,True,,,,"{'wood': '', 'core': '', 'length': ''}",,False,False,Brontis Jodorowsky,[],False,
Gellert Grindelwald,[],human,male,,,,True,,blue,blond,"{'wood': '', 'core': '', 'length': ''}",,False,False,Jamie Campbell Bower,"['Michael Byrne', 'Johnny Depp', 'Mads Mikkelsen']",False,
Norberta,[],dragon,female,,,,False,,orange,,"{'wood': '', 'core': '', 'length': ''}",,False,False,,[],True,
Ronan,[],centaur,male,,,,False,,,red,"{'wood': '', 'core': '', 'length': ''}",,False,False,,[],True,
Bane,[],centaur,male,,,,False,,,,"{'wood': '', 'core': '', 'length': ''}",,False,False,Jason Piper,['Nuno Silva'],True,
Firenze,['Professor Firenze'],centaur,male,,,,False,,blue,blond,"{'wood': '', 'core': '', 'length': ''}",,False,True,Ray Fearon,[],True,
Elfrick the Eager,[],goblin,male,,,,False,,,,"{'wood': '', 'core': '', 'length': ''}",,False,False,,[],False,
Perenelle Flamel,[],human,female,,,,True,,,,"{'wood': '', 'core': '', 'length': ''}",,False,False,,[],False,
Bertie Bott,[],human,male,,,,True,,,,"{'wood': '', 'core': '', 'length': ''}",,False,False,,[],True,
Dobby,[],house-elf,male,,,,False,,green,,"{'wood': '', 'core': '', 'length': ''}",,False,False,Toby Jones,[],False,
Mr Mason,[],human,male,,,,False,muggle,,,"{'wood': '', 'core': '', 'length': ''}",,False,False,Jim Norton,[],True,
Mrs Mason,[],human,female,,,,False,muggle,,,"{'wood': '', 'core': '', 'length': ''}",,False,False,Veronica Clifford,[],True,
Perkins,[],human,male,,,,True,,,white,"{'wood': '', 'core': '', 'length': ''}",,False,False,,[],True,
Celestina Warbeck,[],human,female,Gryffindor,,,True,half-blood,,,"{'wood': 'larch', 'core': 'phoenix feather', 'length': 10.5}",,False,False,,[],True,
Gilderoy Lockhart,['Professor Lockhart'],human,male,,,,True,half-blood,blue,blond,"{'wood': 'cherry', 'core': 'dragon heartstring', 'length': 9}",,False,True,Kenneth Branagh,[],True,
Mundungus Fletcher,['Dung'],human,male,,,,True,,,ginger,"{'wood': '', 'core': '', 'length': ''}",,False,False,Andy Linden,[],True,
Mr Borgin,[],human,male,,,,True,,,,"{'wood': '', 'core': '', 'length': ''}",,False,False,Edward Tudor-Pole,[],True,
Mr Granger,['Wendell Wilkins'],human,male,,,,False,muggle,,,"{'wood': '', 'core': '', 'length': ''}",,False,False,Tom Knight,['Ian Kelly'],True,
Mrs Granger,['Monica Wilkins'],human,female,,,,False,muggle,,,"{'wood': '', 'core': '', 'length': ''}",,False,False,Heather Bleasdale,['Michelle Fairley'],True,
Dr Filibuster,[],human,male,,,,True,,,,"{'wood': '', 'core': '', 'length': ''}",,False,False,,[],True,
Colin Creevey,[],human,male,Gryffindor,,,True,muggleborn,,,"{'wood': '', 'core': '', 'length': ''}",,True,False,Hugh Mitchell,[],False,
Gladys Gudgeon,[],human,female,,,,True,,,,"{'wood': '', 'core': '', 'length': ''}",,False,False,,[],True,
Veronica Smethley,[],human,female,,,,True,,,,"{'wood': '', 'core': '', 'length': ''}",,False,False,,[],True,
Patrick Delaney-Podmore,['Sir Patrick Delaney-Podmore'],ghost,male,,,,True,,,,"{'wood': '', 'core': '', 'length': ''}",,False,False,,[],False,
Z. Nettles,[],human,female,,,,True,,,,"{'wood': '', 'core': '', 'length': ''}",,False,False,,[],True,
D.J. Prod,['Demetrius J. Prod'],human,male,,,,True,,,,"{'wood': '', 'core': '', 'length': ''}",,False,False,Chris Wilson,[],False,
Elsie Prod,[],human,female,,,,True,,,,"{'wood': '', 'core': '', 'length': ''}",,False,False,,[],True,
Moaning Myrtle,['Myrtle Elizabeth Warren'],ghost,female,Ravenclaw,,,True,muggleborn,,,"{'wood': '', 'core': '', 'length': ''}",,False,False,Shirley Henderson,[],False,
Godric Gryffindor,[],human,male,,,,True,,,,"{'wood': '', 'core': '', 'length': ''}",,False,False,,[],False,
Rowena Ravenclaw,[],human,female,,,,True,,,,"{'wood': '', 'core': '', 'length': ''}",,False,False,,[],False,
Helga Hufflepuff,[],human,female,,,,True,,,,"{'wood': '', 'core': '', 'length': ''}",,False,False,,[],False,
Salazar Slytherin,[],human,male,,,,True,,,,"{'wood': '', 'core': '', 'length': ''}",,False,False,,[],False,
Madame Pince,['Irma Pince'],human,female,,,,True,,,,"{'wood': '', 'core': '', 'length': ''}",,False,True,Sally Mortemore,[],True,
Milicent Bullstroude,[],human,female,Slytherin,,,True,,,black,"{'wood': '', 'core': '', 'length': ''}",,True,False,Helen Stuart,[],True,
Ernie Macmillan,['Ernest Macmillan'],human,male,Hufflepuff,,,True,,,blond,"{'wood': '', 'core': '', 'length': ''}",boar,True,False,Louis Doyle,[],True,
Armando Dippet,['Professor Dippet'],human,male,,,,True,,,white,"{'wood': '', 'core': '', 'length': ''}",,False,False,Alfred Burke,[],False,
Penelope Clearwater,['Penny'],human,female,Ravenclaw,,,True,,,,"{'wood': '', 'core': '', 'length': ''}",,True,False,Gemma Padley,[],True,
Cornelius Fudge,['Minister Cornelius Oswald Fudge'],human,male,,,,True,,,grey,"{'wood': '', 'core': '', 'length': ''}",,False,False,Robert Hardy,[],True,
Aragog,[],acromantula,male,,,,False,,white,brown,"{'wood': '', 'core': '', 'length': ''}",,False,False,Julian Glover,[],False,
Mosag,[],acromantula,female,,,,False,,black,brown,"{'wood': '', 'core': '', 'length': ''}",,False,False,,[],True,
Stanley Shunpike,['Stan'],human,male,,,,True,,,,"{'wood': '', 'core': '', 'length': ''}",,False,False,Lee Ingleby,[],True,
Ernest Prang,['Ernie'],human,male,,,,True,,,,"{'wood': '', 'core': '', 'length': ''}",,False,False,Jimmy Gardner,[],True,
Madam Marsh,[],human,female,,,,True,,,,"{'wood': '', 'core': '', 'length': ''}",,False,False,,[],True,
Florean Fortescue,[],human,male,,,,True,,,,"{'wood': '', 'core': '', 'length': ''}",,False,False,,[],False,
Sir Cadogan,[],human,male,,,,True,,,,"{'wood': '', 'core': '', 'length': ''}",,False,False,Paul Whitehouse,[],False,
Sybill Trelawney,"['Sybill Patricia Trelawney', 'Professor Trelawney']",human,female,,,,True,,,,"{'wood': '', 'core': '', 'length': ''}",,False,True,Emma Thompson,[],True,
Buckbeak,"['Beaky', 'Witherwings']",hippogriff,male,,,,False,,orange,,"{'wood': '', 'core': '', 'length': ''}",,False,False,,[],True,
Peter Pettigrew,"['Wormtail', 'Scabbers', 'Wormy']",human,male,Gryffindor,,,True,,,,"{'wood': 'chestnut', 'core': 'dragon heartstring', 'length': 9.25}",,False,False,Timothy Spall,['Charles Hughes'],False,
Madam Rosmerta,[],human,female,,,,True,,,,"{'wood': '', 'core': '', 'length': ''}",,False,False,Julie Christie,[],True,
Derek,[],human,male,,,,True,,,,"{'wood': '', 'core': '', 'length': ''}",,True,False,,[],True,
Septima Vector,['Professor Vector'],human,female,,,,True,,,,"{'wood': '', 'core': '', 'length': ''}",,False,True,,[],True,
Cassius Warrington,[],human,male,Slytherin,,,True,,,,"{'wood': '', 'core': '', 'length': ''}",,True,False,Ashley Hull,[],True,
Graham Montague,[],human,male,Slytherin,,,True,,,,"{'wood': '', 'core': '', 'length': ''}",,True,False,,[],True,
Peregrine Derrick,[],human,male,Slytherin,,,True,,,,"{'wood': '', 'core': '', 'length': ''}",,True,False,,[],True,
Lucian Bole,[],human,male,Slytherin,,,True,,,,"{'wood': '', 'core': '', 'length': ''}",,True,False,,[],True,
Walden Macnair,[],human,male,Slytherin,,,True,,,black,"{'wood': '', 'core': '', 'length': ''}",,False,False,Peter Best,[],True,
Franc Bryce,[],human,male,,,,False,muggle,,,"{'wood': '', 'core': '', 'length': ''}",,False,False,Eric Sykes,[],False,
Dot,[],human,female,,,,False,muggle,,,"{'wood': '', 'core': '', 'length': ''}",,False,False,,[],False,
Bertha Jorkins,[],human,female,,,,True,,,,"{'wood': '', 'core': '', 'length': ''}",,False,False,,[],False,
Barty Crouch,['Bartemius Crouch Senior'],human,male,,,,True,pure-blood,,,"{'wood': '', 'core': '', 'length': ''}",,False,False,Roger Lloyd-Pack,[],False,
Ludo Bagman,['Ludovic Bagman'],human,male,,,,True,,blue,blond,"{'wood': '', 'core': '', 'length': ''}",,False,False,,[],True,
Amos Diggory,[],human,male,,,,True,,,brown,"{'wood': '', 'core': '', 'length': ''}",,False,False,Jeff Rawle,[],True,
Mr Roberts,[],human,male,,,,False,muggle,,,"{'wood': '', 'core': '', 'length': ''}",,False,False,,[],True,
Mr Payne,[],human,male,,,,False,muggle,,,"{'wood': '', 'core': '', 'length': ''}",,False,False,,[],True,
Basil,[],human,male,,,,True,,,,"{'wood': '', 'core': '', 'length': ''}",,False,False,,[],True,
Archie Aymslowe,[],human,male,,,,True,,,,"{'wood': '', 'core': '', 'length': ''}",,False,False,,[],True,
Cuthbert Mockridge,[],human,male,,,,True,,,,"{'wood': '', 'core': '', 'length': ''}",,False,False,,[],True,
Gilbert Wimple,[],human,male,,,,True,,,,"{'wood': '', 'core': '', 'length': ''}",,False,False,,[],True,
Arnold Peasegood,[],human,male,,,,True,,,,"{'wood': '', 'core': '', 'length': ''}",,False,False,,[],True,
Broderick Bode,[],human,male,,,,True,,,,"{'wood': '', 'core': '', 'length': ''}",,False,False,,[],False,
Saul Croaker,[],human,male,,,,True,,,,"{'wood': '', 'core': '', 'length': ''}",,False,False,,[],True,
Ali Bashir,[],human,male,,,,True,,,,"{'wood': '', 'core': '', 'length': ''}",,False,False,,[],True,
Victor Krum,[],human,male,,,,True,,dark,dark,"{'wood': 'hornbeam', 'core': 'dragon heartstring', 'length': 10.25}",,False,False,Stanislav Ianevski,[],True,
Winky,[],house-elf,female,,,,False,,,,"{'wood': '', 'core': '', 'length': ''}",,False,False,,[],True,
Narcissa Malfoy,['Cissy'],human,female,,,,True,pure-blood,blue,blonde,"{'wood': '', 'core': '', 'length': ''}",,False,False,Helen McCrory,[],True,
Vasily Dimitrov,[],human,male,,,,True,,,,"{'wood': '', 'core': '', 'length': ''}",,False,False,,[],True,
Clara Ivanova,[],human,female,,,,True,,,,"{'wood': '', 'core': '', 'length': ''}",,False,False,,[],True,
Lev Zograf,[],human,male,,,,True,,,,"{'wood': '', 'core': '', 'length': ''}",,False,False,,[],True,
Alexei Levski,[],human,male,,,,True,,,,"{'wood': '', 'core': '', 'length': ''}",,False,False,,[],True,
Pyotr Vulchanov,[],human,male,,,,True,,,,"{'wood': '', 'core': '', 'length': ''}",,False,False,,[],True,
Ivan Volkov,[],human,male,,,,True,,,,"{'wood': '', 'core': '', 'length': ''}",,False,False,,[],True,
Connolly,[],human,male,,,,True,,,,"{'wood': '', 'core': '', 'length': ''}",,False,False,,[],True,
Barry Ryan,[],human,male,,,,True,,,,"{'wood': '', 'core': '', 'length': ''}",,False,False,,[],True,
Troy,[],human,male,,,,True,,,,"{'wood': '', 'core': '', 'length': ''}",,False,False,,[],True,
Mullet,[],human,female,,,,True,,,,"{'wood': '', 'core': '', 'length': ''}",,False,False,,[],True,
Moran,[],human,female,,,,True,,,,"{'wood': '', 'core': '', 'length': ''}",,False,False,,[],True,
Quigley,[],human,male,,,,True,,,,"{'wood': '', 'core': '', 'length': ''}",,False,False,,[],True,
Aidan Lynch,[],human,male,,,,True,,,,"{'wood': '', 'core': '', 'length': ''}",,False,False,,[],True,
Hassan Mostafa,[],human,male,,,,True,,,,"{'wood': '', 'core': '', 'length': ''}",,False,False,,[],True,
Dennis Creevey,[],human,male,,,,True,muggleborn,,brown,"{'wood': '', 'core': '', 'length': ''}",,True,False,,[],True,
Aurora Sinistra,['Professor Sinistra'],human,female,,,,True,,,,"{'wood': '', 'core': '', 'length': ''}",,False,True,,[],True,
Stewart Ackerley,[],human,male,Ravenclaw,,,True,,,,"{'wood': '', 'core': '', 'length': ''}",,True,False,,[],True,
Malcolm Baddock,[],human,male,Slytherin,,,True,,,,"{'wood': '', 'core': '', 'length': ''}",,True,False,,[],True,
Eleanor Branstone,[],human,female,Hufflepuff,,,True,,,,"{'wood': '', 'core': '', 'length': ''}",,True,False,,[],True,
Owen Cauldwell,[],human,male,Hufflepuff,,,True,,,,"{'wood': '', 'core': '', 'length': ''}",,True,False,,[],True,
Emma Dobbs,[],human,female,,,,True,,,,"{'wood': '', 'core': '', 'length': ''}",,True,False,,[],True,
Laura Madley,[],human,female,Hufflepuff,,,True,,,,"{'wood': '', 'core': '', 'length': ''}",,True,False,,[],True,
Natalie McDonald,[],human,female,Gryffindor,,,True,,,,"{'wood': '', 'core': '', 'length': ''}",,True,False,,[],True,
Graham Pritchard,[],human,male,Slytherin,,,True,,,,"{'wood': '', 'core': '', 'length': ''}",,True,False,,[],True,
Orla Quirke,[],human,female,Ravenclaw,,,True,,,,"{'wood': '', 'core': '', 'length': ''}",,True,False,,[],True,
Kevin Whitby,[],human,male,Hufflepuff,,,True,,,,"{'wood': '', 'core': '', 'length': ''}",,True,False,,[],True,
Eloise Midgen,[],human,female,Gryffindor,,,True,,,,"{'wood': '', 'core': '', 'length': ''}",,True,False,Samantha Clinch,[],True,
Alastor Moody,"['Professor Moody', 'Mad-Eye']",human,male,,,,True,pure-blood,dark,grey,"{'wood': '', 'core': '', 'length': ''}",,False,True,Brendan Gleeson,[],False,
Madame Maxime,['Olympe Maxime'],half-giant,female,,,,True,,,,"{'wood': '', 'core': '', 'length': ''}",,False,False,Frances de la Tour,['Ian Whyte'],True,
Igor Karkaroff,[],human,male,,,,True,,blue,silver,"{'wood': '', 'core': '', 'length': ''}",,False,False,Predrag Bjelac,[],False,
Poliakoff,[],human,male,,,,True,,,,"{'wood': '', 'core': '', 'length': ''}",,False,False,,[],True,
Fawcett,[],human,female,Ravenclaw,,,True,,,,"{'wood': '', 'core': '', 'length': ''}",,True,False,Alex Argenti,[],True,
Summers,[],human,male,Hufflepuff,,,True,,,,"{'wood': '', 'core': '', 'length': ''}",,True,False,,[],True,
Fleur Delacour,[],human,female,,,,True,,blue,blonde,"{'wood': '', 'core': '', 'length': ''}",,False,False,Clémence Poésy,[],True,
Gregorovic,['Mykew Gregorovitch'],human,male,,,,True,,,white,"{'wood': '', 'core': '', 'length': ''}",,False,False,Rade Šerbedžija,[],False,
Rita Skeeter,[],human,female,,,,True,,,blonde,"{'wood': '', 'core': '', 'length': ''}",,False,False,Miranda Richardson,[],True,
Stebbins,[],human,male,Ravenclaw,,,True,,,,"{'wood': '', 'core': '', 'length': ''}",,True,False,,[],True,
Wilhelmina Grubbly-Plank,['Professor Grubbly-Plank'],human,female,,,,True,,,grey,"{'wood': '', 'core': '', 'length': ''}",,False,True,Apple Brook,[],True,
Bozo,[],human,male,,,,True,,,,"{'wood': '', 'core': '', 'length': ''}",,False,False,Peter O'Farrell,['Robert Wilfort'],True,
Evan Rosier,[],human,male,Slytherin,,,True,,,,"{'wood': '', 'core': '', 'length': ''}",,False,False,,[],False,
Wilkes,[],human,male,Slytherin,,,True,,,,"{'wood': '', 'core': '', 'length': ''}",,False,False,,[],False,
Avery,[],human,male,Slytherin,,,True,,,,"{'wood': '', 'core': '', 'length': ''}",,False,False,Richard Rosson,[],True,
Antonin Dolohov,[],human,male,,,,True,,,dark,"{'wood': '', 'core': '', 'length': ''}",,False,False,Arben Bajraktaraj,[],True,
Travers,[],human,male,,,,True,,,grey,"{'wood': '', 'core': '', 'length': ''}",,False,False,Tav MacDougall,[],True,
Marlene McKinnon,[],human,female,,,,True,,,,"{'wood': '', 'core': '', 'length': ''}",,False,False,,[],False,
Mulciber,[],human,male,Slytherin,,,True,,,,"{'wood': '', 'core': '', 'length': ''}",,False,False,,[],True,
Augustus Rookwood,[],human,male,,,,True,,,,"{'wood': '', 'core': '', 'length': ''}",,False,False,Richard Trinder,[],True,
Frank Longbottom,[],human,male,,,,True,pure-blood,,,"{'wood': '', 'core': '', 'length': ''}",,False,False,James Payton,[],True,
Alice Longbottom,[],human,female,,,,True,pure-blood,,white,"{'wood': '', 'core': '', 'length': ''}",,False,False,Lisa Wood ,[],True,
Violet,[],human,female,,,,True,,,,"{'wood': '', 'core': '', 'length': ''}",,False,False,,[],False,
Apollyon Pringle,[],human,male,,,,True,,,,"{'wood': '', 'core': '', 'length': ''}",,False,False,,[],True,
Ogg,[],human,male,,,,True,,,,"{'wood': '', 'core': '', 'length': ''}",,False,False,,[],True,
Mafalda Hopkirk,[],human,female,,,,True,,hazel,grey,"{'wood': '', 'core': '', 'length': ''}",,False,False,Jessica Hynes,[],True,
Nymphadora Tonks,"['Dora', 'Nymphadora Lupin']",human,female,Hufflepuff,,,True,,,brown,"{'wood': '', 'core': '', 'length': ''}",,False,False,Natalia Tena,[],False,
Elphias Doge,[],human,male,,,,True,pure-blood,blue,silver,"{'wood': '', 'core': '', 'length': ''}",,False,False,Peter Cartwright,[],True,
Dedalus Diggle,[],human,male,,,,True,,,,"{'wood': '', 'core': '', 'length': ''}",,False,False,David Brett,[],True,
Sturgis Podmore,[],human,male,,,,True,,,blond,"{'wood': '', 'core': '', 'length': ''}",,False,False,,[],True,
Hestia Jones,[],human,female,,,,True,,,black,"{'wood': '', 'core': '', 'length': ''}",,False,False,,[],True,
Ragnok,[],goblin,male,,,,False,,,,"{'wood': '', 'core': '', 'length': ''}",,False,False,,[],True,
Alphard Black,[],human,male,Slytherin,,,True,pure-blood,,,"{'wood': '', 'core': '', 'length': ''}",,False,False,,[],False,
Regulus Black,['Regulus Arcturus Black'],human,male,Slytherin,,,True,pure-blood,,black,"{'wood': '', 'core': '', 'length': ''}",,False,False,Tom Moorcroft,[],False,
Phineas Nigelus Black,['Professor Phineas Nigellus Black'],human,male,Slytherin,,,True,pure-blood,,,"{'wood': '', 'core': '', 'length': ''}",,False,False,John Atterbury,[],False,
Araminta Meliflua Black,[],human,female,Slytherin,,,True,,,,"{'wood': '', 'core': '', 'length': ''}",,False,False,,[],False,
Elladora Black,[],human,female,,,,True,pure-blood,,,"{'wood': '', 'core': '', 'length': ''}",,False,False,,[],False,
Andromeda Tonks,[],human,female,Slytherin,,,True,pure-blood,,brown,"{'wood': '', 'core': '', 'length': ''}",,False,False,,[],True,
Ted Tonks,['Edward'],human,female,,,,True,muggleborn,,blond,"{'wood': '', 'core': '', 'length': ''}",,False,False,,[],False,
Rodolphus Lestrange,[],human,male,Slytherin,,,True,pure-blood,,,"{'wood': '', 'core': '', 'length': ''}",,False,False,,[],True,
Rabastan Lestrange,[],human,male,Slytherin,,,True,pure-blood,,,"{'wood': '', 'core': '', 'length': ''}",,False,False,,[],True,
Eric Munch,[],human,male,,,,True,,,,"{'wood': '', 'core': '', 'length': ''}",,False,False,,[],True,
Bob,[],human,male,,,,True,,,,"{'wood': '', 'core': '', 'length': ''}",,False,False,Nicholas Blane,[],True,
Bengie Fenwick,[],human,male,,,,True,,,,"{'wood': '', 'core': '', 'length': ''}",,False,False,,[],False,
Edgar Bones,[],human,male,,,,True,,,,"{'wood': '', 'core': '', 'length': ''}",,False,False,Cliff Lanning,[],False,
Amelia Bones,[],human,female,,,,True,,,grey,"{'wood': '', 'core': '', 'length': ''}",,False,False,Sian Thomas,[],True,
Caradoc Dearborn,[],human,male,,,,True,,,,"{'wood': '', 'core': '', 'length': ''}",,False,False,,[],False,
Gideon Prewett,[],human,male,,,,True,pure-blood,,,"{'wood': '', 'core': '', 'length': ''}",,False,False,,[],False,
Fabian Prewett,[],human,male,,,,True,pure-blood,,,"{'wood': '', 'core': '', 'length': ''}",,False,False,,[],False,
Aberforth Dumbledore,[],human,male,Gryffindor,,,True,half-blood,blue,,"{'wood': '', 'core': '', 'length': ''}",goat,False,False,Jim McManus,['Ciarán Hinds'],True,
Dorcas Meadowes,[],human,female,,,,True,,,,"{'wood': '', 'core': '', 'length': ''}",,False,False,,[],False,
Algie Longbottom,[],human,male,,,,True,,,,"{'wood': '', 'core': '', 'length': ''}",,False,False,,[],True,
Anthony Goldstein,[],human,male,Ravenclaw,,,True,,,,"{'wood': '', 'core': '', 'length': ''}",,True,False,,[],True,
Stubby Boardman,[],human,male,,,,True,,,,"{'wood': '', 'core': '', 'length': ''}",,False,False,,[],True,
Doris Purkiss,[],human,male,,,,True,,,,"{'wood': '', 'core': '', 'length': ''}",,False,False,,[],True,
Euan Abercrombie,[],human,male,Gryffindor,,,True,,,,"{'wood': '', 'core': '', 'length': ''}",,True,False,,[],True,
Rose Zeller,[],human,female,Hufflepuff,,,True,,,,"{'wood': '', 'core': '', 'length': ''}",,True,False,,[],True,
Patricia Stimpson,[],human,female,,,,True,,,,"{'wood': '', 'core': '', 'length': ''}",,True,False,,[],True,
Kenneth Towler,[],human,male,Gryffindor,,,True,,,,"{'wood': '', 'core': '', 'length': ''}",,True,False,,[],True,
Vicky Frobisher,[],human,female,Gryffindor,,,True,,,,"{'wood': '', 'core': '', 'length': ''}",,True,False,,[],True,
Geoffrey Hooper,[],human,male,Gryffindor,,,True,,,,"{'wood': '', 'core': '', 'length': ''}",,True,False,,[],True,
Cassandra Trelawney,[],human,female,,,,True,,,,"{'wood': '', 'core': '', 'length': ''}",,False,False,,[],False,
Michael Corner,[],human,male,Ravenclaw,,,True,,,,"{'wood': '', 'core': '', 'length': ''}",,True,False,Ryan Nelson,[],True,
Zacharias Smith,[],human,male,Ravenclaw,,,True,,,blond,"{'wood': '', 'core': '', 'length': ''}",,True,False,Nick Shirm,[],True,
Barnabas the Barmy,[],human,male,,,,True,,,,"{'wood': '', 'core': '', 'length': ''}",,True,False,,[],False,
Karkus,[],giant,male,,,,False,,,,"{'wood': '', 'core': '', 'length': ''}",,False,False,,[],False,
Golgomath,[],giant,male,,,,False,,,,"{'wood': '', 'core': '', 'length': ''}",,False,False,,[],True,
Fridwulfa,[],giant,female,,,,False,,,,"{'wood': '', 'core': '', 'length': ''}",,False,False,,[],False,
Andrew Kirke,[],human,male,Gryffindor,,,True,,,,"{'wood': '', 'core': '', 'length': ''}",,True,False,,[],True,
Jack Sloper,[],human,male,Gryffindor,,,True,,,,"{'wood': '', 'core': '', 'length': ''}",,True,False,,[],True,
Everard,['Professor Everard'],human,male,,,,True,,,black,"{'wood': '', 'core': '', 'length': ''}",,False,False,Sam Beazley,[],False,
Dilys Derwent,[],human,female,,,,True,,,silver,"{'wood': '', 'core': '', 'length': ''}",,False,False,,[],False,
Hippocrates Smethwyck,[],human,male,,,,True,,,,"{'wood': '', 'core': '', 'length': ''}",,False,False,,[],True,
Augustus Pye,[],human,male,,,,True,,,,"{'wood': '', 'core': '', 'length': ''}",,False,False,,[],True,
Urquhart Rackharrow,[],human,male,,,,True,,,,"{'wood': '', 'core': '', 'length': ''}",,False,False,,[],False,
Willy Widdershins,[],human,male,,,,True,,,,"{'wood': '', 'core': '', 'length': ''}",,False,False,,[],True,
Agnes,[],human,female,,,,True,,,,"{'wood': '', 'core': '', 'length': ''}",,False,False,,[],True,
Miriam Strout,[],human,female,,,,True,,,,"{'wood': '', 'core': '', 'length': ''}",,False,False,,[],True,
Madam Puddifoot,[],human,female,,,,True,,,black,"{'wood': '', 'core': '', 'length': ''}",,False,False,,[],True,
Summerby,[],human,male,Hufflepuff,,,True,,,,"{'wood': '', 'core': '', 'length': ''}",,True,False,,[],True,
Marietta Edgecombe,[],human,female,Ravenclaw,,,True,,,blonde,"{'wood': '', 'core': '', 'length': ''}",,True,False,,[],True,
Madam Edgecombe,[],human,female,,,,True,,,,"{'wood': '', 'core': '', 'length': ''}",,False,False,,[],True,
John Dawlish,[],human,male,,,,True,,,grey,"{'wood': '', 'core': '', 'length': ''}",,False,False,Richard Leaf,[],True,
Bradley,[],human,male,Ravenclaw,,,True,,,,"{'wood': '', 'core': '', 'length': ''}",,True,False,,[],True,
Roger Davies,[],human,male,Ravenclaw,,,True,,,,"{'wood': '', 'core': '', 'length': ''}",,True,False,Henry Lloyd-Hughes,[],True,
Grawp,[],giant,male,,,,False,,green,brown,"{'wood': '', 'core': '', 'length': ''}",,False,False,Tony Maudsley,['William Todd-Jones'],True,
Griselda Marchbanks,['Madam Professor Griselda Marchbanks'],human,female,,,,True,,,,"{'wood': '', 'core': '', 'length': ''}",,False,False,,[],True,
Eddie Carmichael,[],human,male,Ravenclaw,,,True,,,,"{'wood': '', 'core': '', 'length': ''}",,True,False,,[],True,
Daphne Greengrass,[],human,female,Slytherin,,,True,pure-blood,,,"{'wood': '', 'core': '', 'length': ''}",,True,False,,[],True,
Tofty,['Professor Tofty'],human,male,,,,True,,brown,grey,"{'wood': '', 'core': '', 'length': ''}",,False,False,,[],True,
Tiberius Ogden,[],human,male,,,,True,,,,"{'wood': '', 'core': '', 'length': ''}",,False,False,,[],True,
Pierre Bonaccord,[],human,male,,,,True,,,,"{'wood': '', 'core': '', 'length': ''}",,False,False,,[],True,
Stubby Boardman,['Sirius Black'],human,male,,,,True,,,,"{'wood': '', 'core': '', 'length': ''}",,False,False,,[],True,
Magorian,[],centaur,male,,,,True,,,black,"{'wood': '', 'core': '', 'length': ''}",,False,False,Michael Wildman,[],True,
Emmeline Vance,[],human,female,,,,True,,,,"{'wood': '', 'core': '', 'length': ''}",,False,False,Brigitte Millar,[],False,
Herbert Chorley,[],human,male,,,,False,muggle,,,"{'wood': '', 'core': '', 'length': ''}",,False,False,,[],True,
Rufus Scrimgeour,[],human,male,,,,True,,yellowish,tawny,"{'wood': '', 'core': '', 'length': ''}",,False,False,Bill Nighy,[],False,
Corban Yaxley,[],human,male,,,,True,,blue,blond,"{'wood': '', 'core': '', 'length': ''}",,False,False,Peter Mullan,[],True,
Fenrir Greyback,[],werewolf,male,,,,True,,,grey,"{'wood': '', 'core': '', 'length': ''}",,False,False,Dave Legeno,[],True,
Dirk Cresswell,[],human,male,,,,True,muggleborn,,,"{'wood': '', 'core': '', 'length': ''}",,False,False,,[],False,
Barnabas Cuffe,[],human,male,,,,True,,,,"{'wood': '', 'core': '', 'length': ''}",,False,False,Roger C. Bailey,[],True,
Ambrosius Flume,[],human,male,,,,True,,,bald,"{'wood': '', 'core': '', 'length': ''}",,False,False,,[],True,
Gwenog Jones,[],human,female,,,,True,,brown,brown,"{'wood': '', 'core': '', 'length': ''}",,False,False,,[],True,
Arkie Philpott,[],human,male,,,,True,,,,"{'wood': '', 'core': '', 'length': ''}",,False,False,,[],True,
Verity,[],human,female,,,,True,,,blonde,"{'wood': '', 'core': '', 'length': ''}",,False,False,,[],True,
Romilda Vane,[],human,female,Gryffindor,,,True,,dark,black,"{'wood': '', 'core': '', 'length': ''}",,True,False,Anna Shaffer,[],True,
Cormac McLaggen,[],human,male,Gryffindor,,,True,,,,"{'wood': '', 'core': '', 'length': ''}",,True,False,Freddie Stroma,[],True,
Marcus Belby,[],human,male,Ravenclaw,,,True,,,,"{'wood': '', 'core': '', 'length': ''}",,True,False,Robert Knox,[],True,
Damocles Belby,[],human,male,,,,True,,,,"{'wood': '', 'core': '', 'length': ''}",,False,False,,[],False,
Tiberius,[],human,male,,,,True,,,,"{'wood': '', 'core': '', 'length': ''}",,True,False,,[],False,
Bertie Higgs,[],human,male,,,,True,,,,"{'wood': '', 'core': '', 'length': ''}",,False,False,,[],False,
Proudfoot,[],human,male,,,,True,,,,"{'wood': '', 'core': '', 'length': ''}",,False,False,,[],True,
Savage,[],human,male,,,,True,,,,"{'wood': '', 'core': '', 'length': ''}",,False,False,,[],True,
Humphrey Belcher,[],human,male,,,,True,,,,"{'wood': '', 'core': '', 'length': ''}",,False,False,,[],True,
Bob Ogden,[],human,male,,,,True,,,,"{'wood': '', 'core': '', 'length': ''}",,False,False,,[],False,
Morfin Gaunt,[],human,male,,,,True,pure-blood,dark,,"{'wood': '', 'core': '', 'length': ''}",,False,False,,[],False,
Marvolo Gaunt,[],human,male,,,,True,pure-blood,brown,grey,"{'wood': '', 'core': '', 'length': ''}",,False,False,,[],False,
Merope Gaunt,['Merope Riddle'],human,female,,,,True,pure-blood,,dull,"{'wood': '', 'core': '', 'length': ''}",,False,False,,[],False,
Cecilia,[],human,female,,,,False,muggle,,,"{'wood': '', 'core': '', 'length': ''}",,False,False,,[],False,
Tom Riddle,['Tom Riddle Senior'],human,male,,,,False,muggle,,dark,"{'wood': '', 'core': '', 'length': ''}",,False,False,,[],False,
Demelza Robins,[],human,female,Gryffindor,,,True,,,,"{'wood': '', 'core': '', 'length': ''}",,True,False,Katy Huxley-Golden,[],True,
Jimmy Peakes,[],human,male,Gryffindor,,,True,,,,"{'wood': '', 'core': '', 'length': ''}",,True,False,,[],True,
Ritchie Coote,[],human,male,Gryffindor,,,True,,,,"{'wood': '', 'core': '', 'length': ''}",,True,False,Ashley Virgil,[],True,
Melinda Bobbin,[],human,female,,,,True,,,,"{'wood': '', 'core': '', 'length': ''}",,True,False,,[],True,
Leanne,[],human,female,Hufflepuff,,,True,,,,"{'wood': '', 'core': '', 'length': ''}",,True,False,Isabella Laughland,[],True,
Caractacus Burke,[],human,male,,,,True,,,,"{'wood': '', 'core': '', 'length': ''}",,False,False,,[],False,
Billy Stubbs,[],human,male,,,,False,muggle,,,"{'wood': '', 'core': '', 'length': ''}",,False,False,,[],True,
Amy Benson,[],human,female,,,,False,muggle,,,"{'wood': '', 'core': '', 'length': ''}",,False,False,,[],True,
Dennis Bishop,[],human,male,,,,False,muggle,,,"{'wood': '', 'core': '', 'length': ''}",,False,False,,[],True,
Mrs Cole,[],human,female,,,,False,muggle,,,"{'wood': '', 'core': '', 'length': ''}",,False,False,Amelda Brown,[],True,
Eric Whalley,[],human,male,,,,False,muggle,,,"{'wood': '', 'core': '', 'length': ''}",,False,False,,[],True,
Vaisey,[],human,male,Slytherin,,,True,,,dark,"{'wood': '', 'core': '', 'length': ''}",,True,False,,[],True,
Harper,[],human,male,Slytherin,,,True,,,,"{'wood': '', 'core': '', 'length': ''}",,True,False,,[],True,
Urquhart,[],human,male,Slytherin,,,True,,,,"{'wood': '', 'core': '', 'length': ''}",,True,False,,[],True,
Eldred Worple,[],human,male,,,,True,,,,"{'wood': '', 'core': '', 'length': ''}",,False,False,Paul Ritter,[],True,
Sangwini,[],vampire,male,,,,True,,,dark,"{'wood': '', 'core': '', 'length': ''}",,False,False,Charlie Bennison,[],True,
Gawain Robards,[],human,male,,,,True,,,,"{'wood': '', 'core': '', 'length': ''}",,False,False,,[],True,
Fergus,[],human,male,,,,True,,,,"{'wood': '', 'core': '', 'length': ''}",,False,False,,[],True,
Wilkie Twycross,[],human,male,,,,True,,,,"{'wood': '', 'core': '', 'length': ''}",,False,False,,[],True,
Cadwallader,[],human,male,Hufflepuff,,,True,,,,"{'wood': '', 'core': '', 'length': ''}",,True,False,,[],True,
Galatea Merrythought,[],human,female,,,,True,,,,"{'wood': '', 'core': '', 'length': ''}",,False,True,,[],False,
Hepzibah Smith,[],human,female,,,,True,,,,"{'wood': '', 'core': '', 'length': ''}",,False,False,,[],False,
Hokey,[],house-elf,female,,,,False,,,,"{'wood': '', 'core': '', 'length': ''}",,False,False,,[],False,
Octavius Pepper,[],human,male,,,,False,,,,"{'wood': '', 'core': '', 'length': ''}",,False,False,,[],False,
Bertram Aubrey,[],human,male,,,,False,,,,"{'wood': '', 'core': '', 'length': ''}",,False,False,,[],False,
Eileen Prince,[],human,female,,,,False,pure-blood,,,"{'wood': '', 'core': '', 'length': ''}",,False,False,,[],False,
Amycus Carrow,[],human,male,Slytherin,,,True,,,,"{'wood': '', 'core': '', 'length': ''}",,False,False,Ralph Ineson,[],True,
Alecto Carrow,[],human,female,Slytherin,,,True,,,,"{'wood': '', 'core': '', 'length': ''}",,False,False,Suzie Toase,[],True,
Gibbon,[],human,male,,,,True,,,,"{'wood': '', 'core': '', 'length': ''}",,False,False,,[],False,
Tobias Snape,[],human,male,,,,False,,,,"{'wood': '', 'core': '', 'length': ''}",,False,False,,[],True,
Pius Thicknesse,[],human,male,,,,True,,,black,"{'wood': '', 'core': '', 'length': ''}",,False,False,Guy Henry,[],True,
Charity Burbage,[],human,female,,,,True,,,,"{'wood': '', 'core': '', 'length': ''}",,False,True,Carolyn Pickles,[],False,
Percival Dumbledore,[],human,male,,,,True,,,,"{'wood': '', 'core': '', 'length': ''}",,False,False,,[],False,
Kendra Dumbledore,[],human,female,,,,True,muggleborn,dark,black,"{'wood': '', 'core': '', 'length': ''}",,False,False,,[],False,
Ariana Dumbledore,[],human,female,,,,True,half-blood,,,"{'wood': '', 'core': '', 'length': ''}",,False,False,Hebe Beardsall,[],False,
Betty Braithwaite,[],human,female,,,,True,,,,"{'wood': '', 'core': '', 'length': ''}",,False,False,,[],True,
Apolline Delacour,[],half-human,female,,,,True,half-veela,,blonde,"{'wood': '', 'core': '', 'length': ''}",,False,False,,[],True,
Gabrielle Delacour,[],human,female,,,,True,quarter-veela,,blonde,"{'wood': '', 'core': '', 'length': ''}",,False,False,Angelica Mandy,[],True,
Monsieur Delacour,[],human,male,,,,True,,,black,"{'wood': '', 'core': '', 'length': ''}",,False,False,,[],True,
Dragomir Gorgovitch,[],human,male,,,,True,,,,"{'wood': '', 'core': '', 'length': ''}",,False,False,,[],True,
Xenophilius Lovegood,[],human,male,Ravenclaw,,,True,,,white,"{'wood': '', 'core': '', 'length': ''}",,False,False,Rhys Ifans,[],True,
Muriel,['Aunt Muriel'],human,female,,,,True,,,grey,"{'wood': '', 'core': '', 'length': ''}",,False,False,Matyelok Gibbs,[],True,
Bilius,['Uncle Bilius'],human,male,,,,True,,,,"{'wood': '', 'core': '', 'length': ''}",,False,False,,[],False,
Thorfinn Rowle,[],human,male,,,,True,,,blond,"{'wood': '', 'core': '', 'length': ''}",,False,False,Rod Hunt,[],True,
Reg Cattermole,['Reginald Cattermole'],human,male,,,,True,,,,"{'wood': '', 'core': '', 'length': ''}",,False,False,Steffan Rhodri,[],True,
Albert Runcorn,[],human,male,,,,True,,,black,"{'wood': '', 'core': '', 'length': ''}",,False,False,David O'Hara,[],True,
Arkie Alderton,[],human,male,,,,True,,,,"{'wood': '', 'core': '', 'length': ''}",,False,False,,[],True,
Mary Cattermole,['Mary Elizabeth Cattermole'],human,female,,,,True,muggleborn,,,"{'wood': 'cherry', 'core': 'unicorn hair', 'length': 8.75}",,False,False,Kate Fleetwood,[],True,
Maisie Cattermole,[],human,female,,,,True,,,,"{'wood': '', 'core': '', 'length': ''}",,False,False,,[],True,
Ellie Cattermole,[],human,female,,,,True,,,,"{'wood': '', 'core': '', 'length': ''}",,False,False,,[],True,
Alfred Cattermole,[],human,male,,,,True,,,,"{'wood': '', 'core': '', 'length': ''}",,False,False,,[],True,
Gornuk,[],goblin,male,,,,False,,,,"{'wood': '', 'core': '', 'length': ''}",,False,False,,[],False,
Bowman Wright,[],human,male,,,,True,,,,"{'wood': '', 'core': '', 'length': ''}",,False,False,,[],False,
Ivor Dillonsby,[],human,male,,,,True,,,,"{'wood': '', 'core': '', 'length': ''}",,False,False,,[],True,
Enid Smeek,[],human,female,,,,True,,,,"{'wood': '', 'core': '', 'length': ''}",,False,False,,[],True,
Egbert the Egregious,[],human,male,,,,True,,,,"{'wood': '', 'core': '', 'length': ''}",,False,False,,[],False,
Godelot,[],human,male,,,,True,,,,"{'wood': '', 'core': '', 'length': ''}",,False,False,,[],False,
Hereward,[],human,male,,,,True,,,,"{'wood': '', 'core': '', 'length': ''}",,False,False,,[],False,
Loxias,[],human,male,,,,True,,,,"{'wood': '', 'core': '', 'length': ''}",,False,False,,[],False,
Barnabas Deverill,[],human,male,,,,True,,,,"{'wood': '', 'core': '', 'length': ''}",,False,False,,[],False,
Arcus,[],human,male,,,,True,,,,"{'wood': '', 'core': '', 'length': ''}",,False,False,,[],False,
Livius,[],human,male,,,,True,,,,"{'wood': '', 'core': '', 'length': ''}",,False,False,,[],False,
Antioch Peverell,['First Brother'],human,male,,,,True,pure-blood,,,"{'wood': '', 'core': '', 'length': ''}",,False,False,,[],False,
Cadmus Peverell,['Second Brother'],human,male,,,,True,pure-blood,,,"{'wood': '', 'core': '', 'length': ''}",,False,False,,[],False,
Ignotus Peverell,['Third Brother'],human,male,,,,True,pure-blood,,,"{'wood': '', 'core': '', 'length': ''}",,False,False,,[],False,
Selwyn,[],human,male,,,,True,pure-blood,,,"{'wood': '', 'core': '', 'length': ''}",,False,False,,[],True,
Scabior,[],human,male,Slytherin,,,True,,,,"{'wood': '', 'core': '', 'length': ''}",,False,False,Nick Moran,[],True,
Ragnuk the First,['King Ragnuk the First'],goblin,male,,,,False,,,,"{'wood': '', 'core': '', 'length': ''}",,False,False,,[],False,
Ted Lupin,['Edward Remus Teddy Lupin'],human,male,Hufflepuff,,,True,half-blood,,,"{'wood': '', 'core': '', 'length': ''}",,False,False,Luke Newberry,[],True,
Marius,[],human,male,,,,True,,,,"{'wood': '', 'core': '', 'length': ''}",,False,False,,[],True,
Bogrod,[],goblin,male,,,,False,,black,white,"{'wood': '', 'core': '', 'length': ''}",,False,False,Jon Key,[],True,
The Grey Lady,['Helena Ravenclaw'],ghost,female,,,,True,,,,"{'wood': '', 'core': '', 'length': ''}",,False,False,Nina Young,['Kelly Macdonald'],False,
Dexter Fortescue,[],human,male,,,,True,,,,"{'wood': '', 'core': '', 'length': ''}",,False,False,,[],False,
Lily Potter,['Lily Luna Potter'],human,female,Gryffindor,,,True,half-blood,,red,"{'wood': '', 'core': '', 'length': ''}",,False,False,Daphne de Beistegui,[],True,
James Potter,['James Sirius Potter'],human,male,Gryffindor,,,True,half-blood,,,"{'wood': '', 'core': '', 'length': ''}",,True,False,Will Dunn,[],True,
Albus Severus Potter,['Al'],human,male,Slytherin,,,True,half-blood,green,black,"{'wood': '', 'core': '', 'length': ''}",,True,False,Arthur Bowen,[],True,
Rose Weasley,[],human,female,Gryffindor,,,True,half-blood,,red,"{'wood': '', 'core': '', 'length': ''}",,True,False,Helena Barlow,[],True,
Hugo Weasley,[],human,male,,,,True,half-blood,,brown,"{'wood': '', 'core': '', 'length': ''}",,True,False,Ryan Turner,[],True,
Scorpius Malfoy,['Scorpius Hyperion Malfoy'],human,male,Slytherin,,,True,pure-blood,grey,blond,"{'wood': '', 'core': '', 'length': ''}",,True,False,Bertie Gilbert,[],True,
Victoire Weasley,[],human,female,,,,True,,,blonde,"{'wood': '', 'core': '', 'length': ''}",,True,False,,[],True,
